{
  // 指定枪械弹药
  "ammo": "marlin1895:45_70",
  // 弹容
  "ammo_amount": 5,
  // 枪栓类型
  "bolt": "manual_action",
  "bolt_action_time": 0.3,
  // 每分钟射出弹药量，最大不应超过 1200
  "rpm": 400,
  // 子弹实体属性
  "bullet": {
	// 额外伤害的内容，为空则表示没有任何额外伤害计算内容
	"extra_damage": {
		// 护甲穿透率，默认为 0，也就是没有穿甲伤害
		"armor_ignore": 0.5,
		// 爆头伤害 x1.5
		"head_shot_multiplier": 2.0,
		// 距离-伤害分段常函数
		"damage_adjust": [
			// 每一段区间的伤害数值，Distance指的是区间终点距离
			{"distance": 0.5, "damage": 25},
			{"distance": 25, "damage": 24.8},
			{"distance": 50, "damage": 23.5},
			{"distance": 80, "damage": 22},
			{"distance": 120, "damage": 18},
			// 如果你忘记写这个无穷，那么超过上述距离，就认为是 0
			{"distance": "infinite", "damage": 15}
		]
	},
    // 寿命，单位秒
    "life": 10,
    // 伤害
    "damage": 23,
    // 速度 m/s
    "speed": 400,
    // 重力
    "gravity": 0,
    // 击退效果
    "knockback": 0,
    // 飞行阻力
    "friction": 0.01,
    // 是否点燃目标
    "ignite": false,
    // 穿透实体的最大数量
    "pierce": 2
    // 爆炸参数，用于 rpg 等爆炸性武器，如果没有填写，则弹头不会爆炸
    //"explosion": {
    //  "radius": 5
    //}
    
  },
  // 换弹参数
  "reload": {
    // 此处先填入 magazine，详细含义在以后解释。
    "type": "magazine",
    // 弹匣供弹完成时间，到达此时间点，服务端就更新枪内子弹数量
    // 通常对应着动画当中弹匣插入的瞬间。
    "feed": {
      // 空仓换弹
      "empty": 4.43,
      // 战术换弹
      "tactical": 2.83
    },
    // 弹匣供弹总时长（秒），到达此时间点，枪械才可以进行开火、检视等行为。
    // 通常对应着动画当中枪械回到原位的瞬间。
    "cooldown": {
      // 空仓换弹
      "empty": 4.6,
      // 战术换弹
      "tactical": 3.0
    }
  },
  // 枪械抬起的动作时长，单位秒。
  "draw_time": 0.35,
  // 收枪的动作时长，单位秒。
  "put_away_time": 0.4,
  // 瞄准时长，单位秒。
  "aim_time": 0.2,
  // 疾跑状态切换时长，单位秒。
  "sprint_time": 0.3,
  // 开火模式
  "fire_mode": [
    // 全自动
    //"auto",
    // 半自动
    "semi"
  ],
  // 后坐力，pitch 和yaw 分别至少需要两个关键帧
  "recoil": {
    "pitch": [
      // time 表示关键帧在时间轴上的位置，value 表示随机取值的取值范围。
      {"time": 0, "value": [0.7, 0.7]},
      {"time": 0.25, "value": [0.7, 0.7]},
      {"time": 0.45, "value": [-0.175, -0.175]},
      {"time": 0.6, "value": [0, 0]}
    ],
    "yaw": [
      {"time": 0, "value": [-0.35, -0.15]},
      {"time": 0.25, "value": [-0.35, -0.15]},
      {"time": 0.45, "value": [0, 0]}
    ]
  },
  // 不准确度
  "inaccuracy": {
    // 站立射击散布
    "stand": 1,
    // 移动射击散布
    "move": 3,
    // 潜行射击散布
    "sneak": 0.5,
    // 趴下射击散布
    "lie": 0.3,
    // 瞄准射击时散布
    "aim": 0.2
  }
}