{
	"format_version": "1.21.0",
	"minecraft:geometry": [
		{
			"description": {
				"identifier": "geometry.unknown",
				"texture_width": 16,
				"texture_height": 16,
				"visible_bounds_width": 2,
				"visible_bounds_height": 1.5,
				"visible_bounds_offset": [0, 0.25, 0]
			},
			"bones": [
				{
					"name": "shell2",
					"pivot": [0, 0, 0]
				},
				{
					"name": "octagon9",
					"parent": "shell2",
					"pivot": [0, -1, -3],
					"cubes": [
						{
							"origin": [-0.15533, -0.35156, 1.21094],
							"size": [0.31066, 0.75, 0.0625],
							"pivot": [0, 0.02344, -0.25],
							"rotation": [0, 0, 45],
							"uv": {
								"north": {"uv": [8.5, 9], "uv_size": [-0.5, -1], "uv_rotation": 180},
								"south": {"uv": [0.5, 10], "uv_size": [-0.5, 1]},
								"up": {"uv": [14.5, 2.5], "uv_size": [-0.5, -0.5]},
								"down": {"uv": [2.5, 14.5], "uv_size": [-0.5, -0.5], "uv_rotation": 180}
							}
						},
						{
							"origin": [-0.15533, -0.35156, 1.21094],
							"size": [0.31066, 0.75, 0.0625],
							"uv": {
								"north": {"uv": [10.5, 1], "uv_size": [-0.5, -1], "uv_rotation": 180},
								"south": {"uv": [2.5, 10], "uv_size": [-0.5, 1]},
								"up": {"uv": [14.5, 4.5], "uv_size": [-0.5, -0.5]},
								"down": {"uv": [4.5, 14.5], "uv_size": [-0.5, -0.5], "uv_rotation": 180}
							}
						},
						{
							"origin": [-0.375, -0.13189, 1.21094],
							"size": [0.75, 0.31066, 0.0625],
							"pivot": [0, 0.02344, -0.25],
							"rotation": [0, 0, 45],
							"uv": {
								"north": {"uv": [11, 2.5], "uv_size": [-1, -0.5], "uv_rotation": 180},
								"east": {"uv": [6, 14], "uv_size": [0.5, 0.5], "uv_rotation": 90},
								"south": {"uv": [5, 10], "uv_size": [-1, 0.5]},
								"west": {"uv": [14, 6], "uv_size": [0.5, 0.5], "uv_rotation": 270}
							}
						},
						{
							"origin": [-0.375, -0.13189, 1.21094],
							"size": [0.75, 0.31066, 0.0625],
							"uv": {
								"north": {"uv": [11, 4.5], "uv_size": [-1, -0.5], "uv_rotation": 180},
								"east": {"uv": [8, 14], "uv_size": [0.5, 0.5], "uv_rotation": 90},
								"south": {"uv": [7, 10], "uv_size": [-1, 0.5]},
								"west": {"uv": [14, 8], "uv_size": [0.5, 0.5], "uv_rotation": 270}
							}
						}
					]
				},
				{
					"name": "octagon8",
					"parent": "shell2",
					"pivot": [0, -1, -3],
					"cubes": [
						{
							"origin": [-0.12944, -0.28906, -1.28906],
							"size": [0.25888, 0.625, 2.5],
							"pivot": [0, 0.02344, -0.25],
							"rotation": [0, 0, 45],
							"uv": {
								"north": {"uv": [10.5, 14.5], "uv_size": [-0.5, -0.5], "uv_rotation": 180},
								"up": {"uv": [2.5, 2.5], "uv_size": [-0.5, -2.5]},
								"down": {"uv": [0.5, 2.5], "uv_size": [-0.5, -2.5], "uv_rotation": 180}
							}
						},
						{
							"origin": [-0.12944, -0.28906, -1.28906],
							"size": [0.25888, 0.625, 2.5],
							"uv": {
								"north": {"uv": [14.5, 10.5], "uv_size": [-0.5, -0.5], "uv_rotation": 180},
								"up": {"uv": [4.5, 2.5], "uv_size": [-0.5, -2.5]},
								"down": {"uv": [0.5, 6.5], "uv_size": [-0.5, -2.5], "uv_rotation": 180}
							}
						},
						{
							"origin": [-0.3125, -0.106, -1.28906],
							"size": [0.625, 0.25888, 2.5],
							"pivot": [0, 0.02344, -0.25],
							"rotation": [0, 0, 45],
							"uv": {
								"north": {"uv": [12.5, 14.5], "uv_size": [-0.5, -0.5], "uv_rotation": 180},
								"east": {"uv": [2, 4], "uv_size": [0.5, 2.5], "uv_rotation": 90},
								"west": {"uv": [4, 4], "uv_size": [0.5, 2.5], "uv_rotation": 270}
							}
						},
						{
							"origin": [-0.3125, -0.106, -1.28906],
							"size": [0.625, 0.25888, 2.5],
							"uv": {
								"north": {"uv": [14.5, 12.5], "uv_size": [-0.5, -0.5], "uv_rotation": 180},
								"east": {"uv": [6, 0], "uv_size": [0.5, 2.5], "uv_rotation": 90},
								"west": {"uv": [6, 4], "uv_size": [0.5, 2.5], "uv_rotation": 270}
							}
						}
					]
				}
			]
		}
	]
}